,open,high,low,close,volume
open,1.0,0.997398336478828,0.9960525005713293,0.9947157181839276,0.7882915218215862
high,0.997398336478828,1.0,0.9952177667766471,0.9981027979324614,0.8142834438086857
low,0.9960525005713293,0.9952177667766471,1.0,0.9962206801463875,0.7742711371972137
close,0.9947157181839276,0.9981027979324614,0.9962206801463875,1.0,0.8052690013023952
volume,0.7882915218215862,0.8142834438086857,0.7742711371972137,0.8052690013023952,1.0
