,open,high,low,close,volume
open,1.0,0.9949988327685882,0.9932366306071247,0.9905250279679642,0.6678224819960479
high,0.9949988327685882,1.0,0.9910550403986559,0.9964362840320102,0.7094108975264113
low,0.9932366306071247,0.9910550403986559,1.0,0.9933415021527459,0.6359658636545209
close,0.9905250279679642,0.9964362840320102,0.9933415021527459,1.0,0.6846439595087387
volume,0.6678224819960479,0.7094108975264113,0.6359658636545209,0.6846439595087387,1.0
