,open,high,low,close,volume
open,1.0,0.9933677043773044,0.9932548795675689,0.9884030256848956,0.6133441128244128
high,0.9933677043773044,1.0,0.9909830533189102,0.9953037789329084,0.6712651048288706
low,0.9932548795675689,0.9909830533189102,1.0,0.993187241632099,0.5991273731266372
close,0.9884030256848956,0.9953037789329084,0.993187241632099,1.0,0.6448561631855338
volume,0.6133441128244128,0.6712651048288706,0.5991273731266372,0.6448561631855338,1.0
