,open,high,low,close,volume
open,1.0,0.9976093980586124,0.9967510987109645,0.994706432411951,0.2592822406984877
high,0.9976093980586124,1.0,0.9960471436022711,0.9976324414902705,0.28899241471034587
low,0.9967510987109645,0.9960471436022711,1.0,0.9974195509762418,0.22722242400902407
close,0.994706432411951,0.9976324414902705,0.9974195509762418,1.0,0.2628257683595989
volume,0.2592822406984877,0.28899241471034587,0.22722242400902407,0.2628257683595989,1.0
