,open,high,low,close,volume
open,1.0,0.9966537491971946,0.9945117434579416,0.991960225132092,0.5832921463981031
high,0.9966537491971946,1.0,0.9937749453499387,0.9965272375758826,0.6149257381917337
low,0.9945117434579416,0.9937749453499387,1.0,0.9953832387728803,0.5547739574604034
close,0.991960225132092,0.9965272375758826,0.9953832387728803,1.0,0.5943497711801863
volume,0.5832921463981031,0.6149257381917337,0.5547739574604034,0.5943497711801863,1.0
