,open,high,low,close,volume
open,1.0,0.996488780461651,0.996029186524621,0.9929866008051532,0.40355485369846394
high,0.996488780461651,1.0,0.9947709586518034,0.9968247239601317,0.44735228075169003
low,0.996029186524621,0.9947709586518034,1.0,0.9965518767034119,0.39041580716591784
close,0.9929866008051532,0.9968247239601317,0.9965518767034119,1.0,0.4239270198975891
volume,0.40355485369846394,0.44735228075169003,0.39041580716591784,0.4239270198975891,1.0
