,open,high,low,close,volume
open,1.0,0.9966008787493957,0.9970547931607837,0.9941829167048734,0.49402446936895505
high,0.9966008787493957,1.0,0.9955647066319555,0.9979694420400294,0.5357014770614452
low,0.9970547931607837,0.9955647066319555,1.0,0.9967391943053661,0.4774610965661611
close,0.9941829167048734,0.9979694420400294,0.9967391943053661,1.0,0.5185928785024093
volume,0.49402446936895505,0.5357014770614452,0.4774610965661611,0.5185928785024093,1.0
