,open,high,low,close,volume
open,1.0,0.9987345160579468,0.9978182656147825,0.9972658606625803,0.7902382651890288
high,0.9987345160579468,1.0,0.9974185273345089,0.9988768120450118,0.8045609116151808
low,0.9978182656147825,0.9974185273345089,1.0,0.9984455483755824,0.7701629077184656
close,0.9972658606625803,0.9988768120450118,0.9984455483755824,1.0,0.7903458158513249
volume,0.7902382651890288,0.8045609116151808,0.7701629077184656,0.7903458158513249,1.0
