,open,high,low,close,volume
open,1.0,0.9993360214808814,0.9991258569675099,0.9986677589416694,0.68726316444496
high,0.9993360214808814,1.0,0.9988871561371464,0.9994410671238464,0.6969914600534791
low,0.9991258569675099,0.9988871561371464,1.0,0.9993026780856153,0.6727150701012448
close,0.9986677589416694,0.9994410671238464,0.9993026780856153,1.0,0.6862412623357725
volume,0.68726316444496,0.6969914600534791,0.6727150701012448,0.6862412623357725,1.0
