,open,high,low,close,volume
open,1.0,0.9933219819223446,0.9916282275872927,0.9876601622783182,0.3110344417888888
high,0.9933219819223446,1.0,0.9890646286239524,0.9945184160049669,0.3728292597065939
low,0.9916282275872927,0.9890646286239524,1.0,0.9935470189915233,0.276083948918388
close,0.9876601622783182,0.9945184160049669,0.9935470189915233,1.0,0.3336954658516147
volume,0.3110344417888888,0.3728292597065939,0.276083948918388,0.3336954658516147,1.0
