,open,high,low,close,volume
open,1.0,0.996991534048836,0.9959098281916943,0.9944328380965797,0.6697849736114234
high,0.996991534048836,1.0,0.9948930803827817,0.9975790969411483,0.7046475379099676
low,0.9959098281916943,0.9948930803827817,1.0,0.9969282152402742,0.6515796091691021
close,0.9944328380965797,0.9975790969411483,0.9969282152402742,1.0,0.683393320114649
volume,0.6697849736114234,0.7046475379099676,0.6515796091691021,0.683393320114649,1.0
