,open,high,low,close,volume
open,1.0,0.9944988093444472,0.9920588575129302,0.9892778823563736,0.4006156274868265
high,0.9944988093444472,1.0,0.9895929102886211,0.9948764147556821,0.45919615289191684
low,0.9920588575129302,0.9895929102886211,1.0,0.9939407774958675,0.35887879763187797
close,0.9892778823563736,0.9948764147556821,0.9939407774958675,1.0,0.41562567146496066
volume,0.4006156274868265,0.45919615289191684,0.35887879763187797,0.41562567146496066,1.0
