,open,high,low,close,volume
open,1.0,0.9943590546313068,0.9927257101527148,0.9894158507655275,0.4901855850718101
high,0.9943590546313068,1.0,0.9900872511734544,0.9944722917558113,0.543208894296267
low,0.9927257101527148,0.9900872511734544,1.0,0.99484698161883,0.46569488515250457
close,0.9894158507655275,0.9944722917558113,0.99484698161883,1.0,0.5069273922538414
volume,0.4901855850718101,0.543208894296267,0.46569488515250457,0.5069273922538414,1.0
