,open,high,low,close,volume
open,1.0,0.9912708836929157,0.9886851831317874,0.9832334092405833,0.5662923566120791
high,0.9912708836929157,1.0,0.9855868982694607,0.9929837659221871,0.6317783871576823
low,0.9886851831317874,0.9855868982694607,1.0,0.9910819569164466,0.5371847699581267
close,0.9832334092405833,0.9929837659221871,0.9910819569164466,1.0,0.5957068085669046
volume,0.5662923566120791,0.6317783871576823,0.5371847699581267,0.5957068085669046,1.0
