,open,high,low,close,volume
open,1.0,0.9973323991305904,0.9959629282653786,0.9939736232967368,0.6916996087656498
high,0.9973323991305904,1.0,0.9954748678295833,0.9977309326209108,0.7092233549976168
low,0.9959629282653786,0.9954748678295833,1.0,0.9968514039111536,0.65880303171136
close,0.9939736232967368,0.9977309326209108,0.9968514039111536,1.0,0.688102767077998
volume,0.6916996087656498,0.7092233549976168,0.65880303171136,0.688102767077998,1.0
