,open,high,low,close,volume
open,1.0,0.9939221381971043,0.9928901198159654,0.9890142654578916,0.3865751174553934
high,0.9939221381971043,1.0,0.9904915702720004,0.9955543993171619,0.44261545327191065
low,0.9928901198159654,0.9904915702720004,1.0,0.9945654220284578,0.3539070712588054
close,0.9890142654578916,0.9955543993171619,0.9945654220284578,1.0,0.40742451554812537
volume,0.3865751174553934,0.44261545327191065,0.3539070712588054,0.40742451554812537,1.0
