,open,high,low,close,volume
open,1.0,0.9949873678985057,0.9962040870424,0.9926070510881294,0.4310010982928329
high,0.9949873678985057,1.0,0.9935768724238152,0.9968531939215484,0.48058835333266375
low,0.9962040870424,0.9935768724238152,1.0,0.9957206944431776,0.412850975547342
close,0.9926070510881294,0.9968531939215484,0.9957206944431776,1.0,0.45363232647169777
volume,0.4310010982928329,0.48058835333266375,0.412850975547342,0.45363232647169777,1.0
