,open,high,low,close,volume
open,1.0,0.9960796438644854,0.993891526441018,0.9913821944084795,0.5909613003601751
high,0.9960796438644854,1.0,0.9926512635285487,0.9966403828795685,0.6311240582199878
low,0.993891526441018,0.9926512635285487,1.0,0.9947957924922252,0.5634867051265282
close,0.9913821944084795,0.9966403828795685,0.9947957924922252,1.0,0.6102225694547811
volume,0.5909613003601751,0.6311240582199878,0.5634867051265282,0.6102225694547811,1.0
