,open,high,low,close,volume
open,1.0,0.9938390028675025,0.9929962205545736,0.9879697827227696,0.5386139926710727
high,0.9938390028675025,1.0,0.9903121929752414,0.9949643545560533,0.6006609445538694
low,0.9929962205545736,0.9903121929752414,1.0,0.9936332153248626,0.5202613257451053
close,0.9879697827227696,0.9949643545560533,0.9936332153248626,1.0,0.5746185376436002
volume,0.5386139926710727,0.6006609445538694,0.5202613257451053,0.5746185376436002,1.0
