,open,high,low,close,volume
open,1.0,0.9962799009219319,0.97624791999396,0.9929200502971913,0.28010950021411823
high,0.9962799009219319,1.0,0.9753650077929495,0.9973007479368522,0.3102202791450107
low,0.97624791999396,0.9753650077929495,1.0,0.9758227167711503,0.26482143486397636
close,0.9929200502971913,0.9973007479368522,0.9758227167711503,1.0,0.292951362708021
volume,0.28010950021411823,0.3102202791450107,0.26482143486397636,0.292951362708021,1.0
