,open,high,low,close,volume
open,1.0,0.9917154799924537,0.9919504396472449,0.9882799510067194,0.5464842913523638
high,0.9917154799924537,1.0,0.9867294100990489,0.9947528734176426,0.6120225566148363
low,0.9919504396472449,0.9867294100990489,1.0,0.9905480303161096,0.5081831561726019
close,0.9882799510067194,0.9947528734176426,0.9905480303161096,1.0,0.5819662176104082
volume,0.5464842913523638,0.6120225566148363,0.5081831561726019,0.5819662176104082,1.0
