,open,high,low,close,volume
open,1.0,0.9985060887045321,0.9981032744384735,0.9964384413615438,0.700701759094169
high,0.9985060887045321,1.0,0.997767018555722,0.9984836573145706,0.7173614879754994
low,0.9981032744384735,0.997767018555722,1.0,0.9982675209315964,0.6843022551115955
close,0.9964384413615438,0.9984836573145706,0.9982675209315964,1.0,0.702752014536249
volume,0.700701759094169,0.7173614879754994,0.6843022551115955,0.702752014536249,1.0
