,open,high,low,close,volume
open,1.0,0.9955998330756131,0.9952690335799521,0.9920308221367973,0.4838025906321469
high,0.9955998330756131,1.0,0.9938428010442684,0.9965036576437801,0.5385140426973155
low,0.9952690335799521,0.9938428010442684,1.0,0.995892471443199,0.47419648316905494
close,0.9920308221367973,0.9965036576437801,0.995892471443199,1.0,0.5116679703313788
volume,0.4838025906321469,0.5385140426973155,0.47419648316905494,0.5116679703313788,1.0
