,open,high,low,close,volume
open,1.0,0.9936903982395925,0.9932797764768638,0.9873410012001276,0.5312460051369825
high,0.9936903982395925,1.0,0.9908911026165863,0.9951893468747783,0.597351265125754
low,0.9932797764768638,0.9908911026165863,1.0,0.9928025695167734,0.5130265494171147
close,0.9873410012001276,0.9951893468747783,0.9928025695167734,1.0,0.5788139338981256
volume,0.5312460051369825,0.597351265125754,0.5130265494171147,0.5788139338981256,1.0
