,open,high,low,close,volume
open,1.0,0.9957800845181323,0.9966686158440565,0.9945926324466239,0.47689988320156673
high,0.9957800845181323,1.0,0.9934732401350835,0.9979793800338693,0.5343427913215508
low,0.9966686158440565,0.9934732401350835,1.0,0.9957663663540279,0.4579936348440894
close,0.9945926324466239,0.9979793800338693,0.9957663663540279,1.0,0.509707363154533
volume,0.47689988320156673,0.5343427913215508,0.4579936348440894,0.509707363154533,1.0
