,open,high,low,close,volume
open,1.0,0.996432643956968,0.9962052802770901,0.9948357752045367,0.5841297103473835
high,0.996432643956968,1.0,0.9946427618691881,0.9968273665397888,0.6102475884272783
low,0.9962052802770901,0.9946427618691881,1.0,0.9978110088933785,0.5675319532880256
close,0.9948357752045367,0.9968273665397888,0.9978110088933785,1.0,0.5873484320317843
volume,0.5841297103473835,0.6102475884272783,0.5675319532880256,0.5873484320317843,1.0
