,open,high,low,close,volume
open,1.0,0.9984209258330057,0.9977388561370908,0.9971994372281271,0.5999766910086719
high,0.9984209258330057,1.0,0.9968633811401438,0.9989561919156987,0.6245555039867494
low,0.9977388561370908,0.9968633811401438,1.0,0.9978534090662121,0.5765329783310971
close,0.9971994372281271,0.9989561919156987,0.9978534090662121,1.0,0.6099429900548275
volume,0.5999766910086719,0.6245555039867494,0.5765329783310971,0.6099429900548275,1.0
