,open,high,low,close,volume
open,1.0,0.989252015136737,0.9915957776589991,0.985120163460901,0.32151546070622966
high,0.989252015136737,1.0,0.984900904624753,0.9934041469462337,0.41615020337853004
low,0.9915957776589991,0.984900904624753,1.0,0.9916646548095032,0.3007993895554154
close,0.985120163460901,0.9934041469462337,0.9916646548095032,1.0,0.37193684709245095
volume,0.32151546070622966,0.41615020337853004,0.3007993895554154,0.37193684709245095,1.0
